State	1Func	ID	(	)	:	+	-	*	/	|	&	!	<=	>=	<	>	==	!=	1Boolean	Digit	,	$	F	S	SF	SpSl	Sl	SpMn	Mn	SpLogSl	LogSl	SpLogMn	LogMn	SpPr	Pr	SpArg	Arg
0	s2	r3	r3	e0	e0	e0	e0	e0	e0	e0	e0	r3	e0	e0	e0	e0	e0	e0	r3	r3	e0	e0	e0	e0	b1	e0	e0	e0	e0	e0	e0	e0	e0	e0	e0	e0	e0
1	e0	s10	s13	e0	e0	e0	e0	e0	e0	e0	e0	s8	e0	e0	e0	e0	e0	e0	s11	s12	e0	e0	e0	b3	e0	e0	b4	e0	b5	e0	b6	e0	b7	e0	b9	e0	e0
2	e0	s14	e0	e0	e0	e0	e0	e0	e0	e0	e0	e0	e0	e0	e0	e0	e0	e0	e0	e0	e0	e0	e0	e0	e0	e0	e0	e0	e0	e0	e0	e0	e0	e0	e0	e0	e0
3	e0	e0	e0	e0	e0	e0	e0	e0	e0	e0	e0	e0	e0	e0	e0	e0	e0	e0	e0	e0	e0	a1	e0	e0	e0	e0	e0	e0	e0	e0	e0	e0	e0	e0	e0	e0	e0
4	e0	e0	e0	e0	e0	s16	s17	e0	e0	e0	e0	e0	e0	e0	e0	e0	e0	e0	e0	e0	e0	r6	e0	e0	e0	b15	e0	e0	e0	e0	e0	e0	e0	e0	e0	e0	e0
5	e0	e0	e0	e0	e0	r10	r10	s19	s20	e0	e0	e0	e0	e0	e0	e0	e0	e0	e0	e0	e0	r10	e0	e0	e0	e0	e0	b18	e0	e0	e0	e0	e0	e0	e0	e0	e0
6	e0	e0	e0	e0	e0	r13	r13	r13	r13	s22	e0	e0	e0	e0	e0	e0	e0	e0	e0	e0	e0	r13	e0	e0	e0	e0	e0	e0	e0	b21	e0	e0	e0	e0	e0	e0	e0
7	e0	e0	e0	e0	e0	r16	r16	r16	r16	r16	s24	e0	e0	e0	e0	e0	e0	e0	e0	e0	e0	r16	e0	e0	e0	e0	e0	e0	e0	e0	e0	b23	e0	e0	e0	e0	e0
8	e0	s10	s13	e0	e0	e0	e0	e0	e0	e0	e0	s8	e0	e0	e0	e0	e0	e0	s11	s12	e0	e0	e0	e0	e0	e0	e0	e0	e0	e0	e0	e0	b25	e0	b9	e0	e0
9	e0	e0	e0	e0	e0	r25	r25	r25	r25	r25	r25	e0	s27	s28	s29	s30	s31	s32	e0	e0	e0	r25	e0	e0	e0	e0	e0	e0	e0	e0	e0	e0	e0	b26	e0	e0	e0
10	e0	e0	e0	e0	e0	r26	r26	r26	r26	r26	r26	e0	r26	r26	r26	r26	r26	r26	e0	e0	e0	r26	e0	e0	e0	e0	e0	e0	e0	e0	e0	e0	e0	e0	e0	e0	e0
11	e0	e0	e0	e0	e0	r27	r27	r27	r27	r27	r27	e0	r27	r27	r27	r27	r27	r27	e0	e0	e0	r27	e0	e0	e0	e0	e0	e0	e0	e0	e0	e0	e0	e0	e0	e0	e0
12	e0	e0	e0	e0	e0	r28	r28	r28	r28	r28	r28	e0	r28	r28	r28	r28	r28	r28	e0	e0	e0	r28	e0	e0	e0	e0	e0	e0	e0	e0	e0	e0	e0	e0	e0	e0	e0
13	e0	s40	s43	e0	e0	e0	e0	e0	e0	e0	e0	s38	e0	e0	e0	e0	e0	e0	s41	s42	e0	e0	e0	b33	e0	e0	b34	e0	b35	e0	b36	e0	b37	e0	b39	e0	e0
14	e0	e0	s44	e0	e0	e0	e0	e0	e0	e0	e0	e0	e0	e0	e0	e0	e0	e0	e0	e0	e0	e0	e0	e0	e0	e0	e0	e0	e0	e0	e0	e0	e0	e0	e0	e0	e0
15	e0	e0	e0	e0	e0	e0	e0	e0	e0	e0	e0	e0	e0	e0	e0	e0	e0	e0	e0	e0	e0	r1	e0	e0	e0	e0	e0	e0	e0	e0	e0	e0	e0	e0	e0	e0	e0
16	e0	s10	s13	e0	e0	e0	e0	e0	e0	e0	e0	s8	e0	e0	e0	e0	e0	e0	s11	s12	e0	e0	e0	e0	e0	e0	b45	e0	b5	e0	b6	e0	b7	e0	b9	e0	e0
17	e0	s10	s13	e0	e0	e0	e0	e0	e0	e0	e0	s8	e0	e0	e0	e0	e0	e0	s11	s12	e0	e0	e0	e0	e0	e0	b46	e0	b5	e0	b6	e0	b7	e0	b9	e0	e0
18	e0	e0	e0	e0	e0	r7	r7	e0	e0	e0	e0	e0	e0	e0	e0	e0	e0	e0	e0	e0	e0	r7	e0	e0	e0	e0	e0	e0	e0	e0	e0	e0	e0	e0	e0	e0	e0
19	e0	s10	s13	e0	e0	e0	e0	e0	e0	e0	e0	s8	e0	e0	e0	e0	e0	e0	s11	s12	e0	e0	e0	e0	e0	e0	e0	e0	b47	e0	b6	e0	b7	e0	b9	e0	e0
20	e0	s10	s13	e0	e0	e0	e0	e0	e0	e0	e0	s8	e0	e0	e0	e0	e0	e0	s11	s12	e0	e0	e0	e0	e0	e0	e0	e0	b48	e0	b6	e0	b7	e0	b9	e0	e0
21	e0	e0	e0	e0	e0	r11	r11	r11	r11	e0	e0	e0	e0	e0	e0	e0	e0	e0	e0	e0	e0	r11	e0	e0	e0	e0	e0	e0	e0	e0	e0	e0	e0	e0	e0	e0	e0
22	e0	s10	s13	e0	e0	e0	e0	e0	e0	e0	e0	s8	e0	e0	e0	e0	e0	e0	s11	s12	e0	e0	e0	e0	e0	e0	e0	e0	e0	e0	b49	e0	b7	e0	b9	e0	e0
23	e0	e0	e0	e0	e0	r14	r14	r14	r14	r14	e0	e0	e0	e0	e0	e0	e0	e0	e0	e0	e0	r14	e0	e0	e0	e0	e0	e0	e0	e0	e0	e0	e0	e0	e0	e0	e0
24	e0	s10	s13	e0	e0	e0	e0	e0	e0	e0	e0	s8	e0	e0	e0	e0	e0	e0	s11	s12	e0	e0	e0	e0	e0	e0	e0	e0	e0	e0	e0	e0	b50	e0	b9	e0	e0
25	e0	e0	e0	e0	e0	r17	r17	r17	r17	r17	r17	e0	e0	e0	e0	e0	e0	e0	e0	e0	e0	r17	e0	e0	e0	e0	e0	e0	e0	e0	e0	e0	e0	e0	e0	e0	e0
26	e0	e0	e0	e0	e0	r18	r18	r18	r18	r18	r18	e0	e0	e0	e0	e0	e0	e0	e0	e0	e0	r18	e0	e0	e0	e0	e0	e0	e0	e0	e0	e0	e0	e0	e0	e0	e0
27	e0	s10	s13	e0	e0	e0	e0	e0	e0	e0	e0	e0	e0	e0	e0	e0	e0	e0	s11	s12	e0	e0	e0	e0	e0	e0	e0	e0	e0	e0	e0	e0	e0	e0	b51	e0	e0
28	e0	s10	s13	e0	e0	e0	e0	e0	e0	e0	e0	e0	e0	e0	e0	e0	e0	e0	s11	s12	e0	e0	e0	e0	e0	e0	e0	e0	e0	e0	e0	e0	e0	e0	b52	e0	e0
29	e0	s10	s13	e0	e0	e0	e0	e0	e0	e0	e0	e0	e0	e0	e0	e0	e0	e0	s11	s12	e0	e0	e0	e0	e0	e0	e0	e0	e0	e0	e0	e0	e0	e0	b53	e0	e0
30	e0	s10	s13	e0	e0	e0	e0	e0	e0	e0	e0	e0	e0	e0	e0	e0	e0	e0	s11	s12	e0	e0	e0	e0	e0	e0	e0	e0	e0	e0	e0	e0	e0	e0	b54	e0	e0
31	e0	s10	s13	e0	e0	e0	e0	e0	e0	e0	e0	e0	e0	e0	e0	e0	e0	e0	s11	s12	e0	e0	e0	e0	e0	e0	e0	e0	e0	e0	e0	e0	e0	e0	b55	e0	e0
32	e0	s10	s13	e0	e0	e0	e0	e0	e0	e0	e0	e0	e0	e0	e0	e0	e0	e0	s11	s12	e0	e0	e0	e0	e0	e0	e0	e0	e0	e0	e0	e0	e0	e0	b56	e0	e0
33	e0	e0	e0	s57	e0	e0	e0	e0	e0	e0	e0	e0	e0	e0	e0	e0	e0	e0	e0	e0	e0	e0	e0	e0	e0	e0	e0	e0	e0	e0	e0	e0	e0	e0	e0	e0	e0
34	e0	e0	e0	r6	e0	s59	s60	e0	e0	e0	e0	e0	e0	e0	e0	e0	e0	e0	e0	e0	e0	e0	e0	e0	e0	b58	e0	e0	e0	e0	e0	e0	e0	e0	e0	e0	e0
35	e0	e0	e0	r10	e0	r10	r10	s62	s63	e0	e0	e0	e0	e0	e0	e0	e0	e0	e0	e0	e0	e0	e0	e0	e0	e0	e0	b61	e0	e0	e0	e0	e0	e0	e0	e0	e0
36	e0	e0	e0	r13	e0	r13	r13	r13	r13	s65	e0	e0	e0	e0	e0	e0	e0	e0	e0	e0	e0	e0	e0	e0	e0	e0	e0	e0	e0	b64	e0	e0	e0	e0	e0	e0	e0
37	e0	e0	e0	r16	e0	r16	r16	r16	r16	r16	s67	e0	e0	e0	e0	e0	e0	e0	e0	e0	e0	e0	e0	e0	e0	e0	e0	e0	e0	e0	e0	b66	e0	e0	e0	e0	e0
38	e0	s40	s43	e0	e0	e0	e0	e0	e0	e0	e0	s38	e0	e0	e0	e0	e0	e0	s41	s42	e0	e0	e0	e0	e0	e0	e0	e0	e0	e0	e0	e0	b68	e0	b39	e0	e0
39	e0	e0	e0	r25	e0	r25	r25	r25	r25	r25	r25	e0	s70	s71	s72	s73	s74	s75	e0	e0	e0	e0	e0	e0	e0	e0	e0	e0	e0	e0	e0	e0	e0	b69	e0	e0	e0
40	e0	e0	e0	r26	e0	r26	r26	r26	r26	r26	r26	e0	r26	r26	r26	r26	r26	r26	e0	e0	e0	e0	e0	e0	e0	e0	e0	e0	e0	e0	e0	e0	e0	e0	e0	e0	e0
41	e0	e0	e0	r27	e0	r27	r27	r27	r27	r27	r27	e0	r27	r27	r27	r27	r27	r27	e0	e0	e0	e0	e0	e0	e0	e0	e0	e0	e0	e0	e0	e0	e0	e0	e0	e0	e0
42	e0	e0	e0	r28	e0	r28	r28	r28	r28	r28	r28	e0	r28	r28	r28	r28	r28	r28	e0	e0	e0	e0	e0	e0	e0	e0	e0	e0	e0	e0	e0	e0	e0	e0	e0	e0	e0
43	e0	s40	s43	e0	e0	e0	e0	e0	e0	e0	e0	s38	e0	e0	e0	e0	e0	e0	s41	s42	e0	e0	e0	b76	e0	e0	b34	e0	b35	e0	b36	e0	b37	e0	b39	e0	e0
44	e0	s78	e0	e0	e0	e0	e0	e0	e0	e0	e0	e0	e0	e0	e0	e0	e0	e0	s80	s79	e0	e0	e0	e0	e0	e0	e0	e0	e0	e0	e0	e0	e0	e0	e0	e0	b77
45	e0	e0	e0	e0	e0	s16	s17	e0	e0	e0	e0	e0	e0	e0	e0	e0	e0	e0	e0	e0	e0	r6	e0	e0	e0	b81	e0	e0	e0	e0	e0	e0	e0	e0	e0	e0	e0
46	e0	e0	e0	e0	e0	s16	s17	e0	e0	e0	e0	e0	e0	e0	e0	e0	e0	e0	e0	e0	e0	r6	e0	e0	e0	b82	e0	e0	e0	e0	e0	e0	e0	e0	e0	e0	e0
47	e0	e0	e0	e0	e0	r10	r10	s19	s20	e0	e0	e0	e0	e0	e0	e0	e0	e0	e0	e0	e0	r10	e0	e0	e0	e0	e0	b83	e0	e0	e0	e0	e0	e0	e0	e0	e0
48	e0	e0	e0	e0	e0	r10	r10	s19	s20	e0	e0	e0	e0	e0	e0	e0	e0	e0	e0	e0	e0	r10	e0	e0	e0	e0	e0	b84	e0	e0	e0	e0	e0	e0	e0	e0	e0
49	e0	e0	e0	e0	e0	r13	r13	r13	r13	s22	e0	e0	e0	e0	e0	e0	e0	e0	e0	e0	e0	r13	e0	e0	e0	e0	e0	e0	e0	b85	e0	e0	e0	e0	e0	e0	e0
50	e0	e0	e0	e0	e0	r16	r16	r16	r16	r16	s24	e0	e0	e0	e0	e0	e0	e0	e0	e0	e0	r16	e0	e0	e0	e0	e0	e0	e0	e0	e0	b86	e0	e0	e0	e0	e0
51	e0	e0	e0	e0	e0	r25	r25	r25	r25	r25	r25	e0	s27	s28	s29	s30	s31	s32	e0	e0	e0	r25	e0	e0	e0	e0	e0	e0	e0	e0	e0	e0	e0	b87	e0	e0	e0
52	e0	e0	e0	e0	e0	r25	r25	r25	r25	r25	r25	e0	s27	s28	s29	s30	s31	s32	e0	e0	e0	r25	e0	e0	e0	e0	e0	e0	e0	e0	e0	e0	e0	b88	e0	e0	e0
53	e0	e0	e0	e0	e0	r25	r25	r25	r25	r25	r25	e0	s27	s28	s29	s30	s31	s32	e0	e0	e0	r25	e0	e0	e0	e0	e0	e0	e0	e0	e0	e0	e0	b89	e0	e0	e0
54	e0	e0	e0	e0	e0	r25	r25	r25	r25	r25	r25	e0	s27	s28	s29	s30	s31	s32	e0	e0	e0	r25	e0	e0	e0	e0	e0	e0	e0	e0	e0	e0	e0	b90	e0	e0	e0
55	e0	e0	e0	e0	e0	r25	r25	r25	r25	r25	r25	e0	s27	s28	s29	s30	s31	s32	e0	e0	e0	r25	e0	e0	e0	e0	e0	e0	e0	e0	e0	e0	e0	b91	e0	e0	e0
56	e0	e0	e0	e0	e0	r25	r25	r25	r25	r25	r25	e0	s27	s28	s29	s30	s31	s32	e0	e0	e0	r25	e0	e0	e0	e0	e0	e0	e0	e0	e0	e0	e0	b92	e0	e0	e0
57	e0	e0	e0	e0	e0	r29	r29	r29	r29	r29	r29	e0	r29	r29	r29	r29	r29	r29	e0	e0	e0	r29	e0	e0	e0	e0	e0	e0	e0	e0	e0	e0	e0	e0	e0	e0	e0
58	e0	e0	e0	r1	e0	e0	e0	e0	e0	e0	e0	e0	e0	e0	e0	e0	e0	e0	e0	e0	e0	e0	e0	e0	e0	e0	e0	e0	e0	e0	e0	e0	e0	e0	e0	e0	e0
59	e0	s40	s43	e0	e0	e0	e0	e0	e0	e0	e0	s38	e0	e0	e0	e0	e0	e0	s41	s42	e0	e0	e0	e0	e0	e0	b93	e0	b35	e0	b36	e0	b37	e0	b39	e0	e0
60	e0	s40	s43	e0	e0	e0	e0	e0	e0	e0	e0	s38	e0	e0	e0	e0	e0	e0	s41	s42	e0	e0	e0	e0	e0	e0	b94	e0	b35	e0	b36	e0	b37	e0	b39	e0	e0
61	e0	e0	e0	r7	e0	r7	r7	e0	e0	e0	e0	e0	e0	e0	e0	e0	e0	e0	e0	e0	e0	e0	e0	e0	e0	e0	e0	e0	e0	e0	e0	e0	e0	e0	e0	e0	e0
62	e0	s40	s43	e0	e0	e0	e0	e0	e0	e0	e0	s38	e0	e0	e0	e0	e0	e0	s41	s42	e0	e0	e0	e0	e0	e0	e0	e0	b95	e0	b36	e0	b37	e0	b39	e0	e0
63	e0	s40	s43	e0	e0	e0	e0	e0	e0	e0	e0	s38	e0	e0	e0	e0	e0	e0	s41	s42	e0	e0	e0	e0	e0	e0	e0	e0	b96	e0	b36	e0	b37	e0	b39	e0	e0
64	e0	e0	e0	r11	e0	r11	r11	r11	r11	e0	e0	e0	e0	e0	e0	e0	e0	e0	e0	e0	e0	e0	e0	e0	e0	e0	e0	e0	e0	e0	e0	e0	e0	e0	e0	e0	e0
65	e0	s40	s43	e0	e0	e0	e0	e0	e0	e0	e0	s38	e0	e0	e0	e0	e0	e0	s41	s42	e0	e0	e0	e0	e0	e0	e0	e0	e0	e0	b97	e0	b37	e0	b39	e0	e0
66	e0	e0	e0	r14	e0	r14	r14	r14	r14	r14	e0	e0	e0	e0	e0	e0	e0	e0	e0	e0	e0	e0	e0	e0	e0	e0	e0	e0	e0	e0	e0	e0	e0	e0	e0	e0	e0
67	e0	s40	s43	e0	e0	e0	e0	e0	e0	e0	e0	s38	e0	e0	e0	e0	e0	e0	s41	s42	e0	e0	e0	e0	e0	e0	e0	e0	e0	e0	e0	e0	b98	e0	b39	e0	e0
68	e0	e0	e0	r17	e0	r17	r17	r17	r17	r17	r17	e0	e0	e0	e0	e0	e0	e0	e0	e0	e0	e0	e0	e0	e0	e0	e0	e0	e0	e0	e0	e0	e0	e0	e0	e0	e0
69	e0	e0	e0	r18	e0	r18	r18	r18	r18	r18	r18	e0	e0	e0	e0	e0	e0	e0	e0	e0	e0	e0	e0	e0	e0	e0	e0	e0	e0	e0	e0	e0	e0	e0	e0	e0	e0
70	e0	s40	s43	e0	e0	e0	e0	e0	e0	e0	e0	e0	e0	e0	e0	e0	e0	e0	s41	s42	e0	e0	e0	e0	e0	e0	e0	e0	e0	e0	e0	e0	e0	e0	b99	e0	e0
71	e0	s40	s43	e0	e0	e0	e0	e0	e0	e0	e0	e0	e0	e0	e0	e0	e0	e0	s41	s42	e0	e0	e0	e0	e0	e0	e0	e0	e0	e0	e0	e0	e0	e0	b100	e0	e0
72	e0	s40	s43	e0	e0	e0	e0	e0	e0	e0	e0	e0	e0	e0	e0	e0	e0	e0	s41	s42	e0	e0	e0	e0	e0	e0	e0	e0	e0	e0	e0	e0	e0	e0	b101	e0	e0
73	e0	s40	s43	e0	e0	e0	e0	e0	e0	e0	e0	e0	e0	e0	e0	e0	e0	e0	s41	s42	e0	e0	e0	e0	e0	e0	e0	e0	e0	e0	e0	e0	e0	e0	b102	e0	e0
74	e0	s40	s43	e0	e0	e0	e0	e0	e0	e0	e0	e0	e0	e0	e0	e0	e0	e0	s41	s42	e0	e0	e0	e0	e0	e0	e0	e0	e0	e0	e0	e0	e0	e0	b103	e0	e0
75	e0	s40	s43	e0	e0	e0	e0	e0	e0	e0	e0	e0	e0	e0	e0	e0	e0	e0	s41	s42	e0	e0	e0	e0	e0	e0	e0	e0	e0	e0	e0	e0	e0	e0	b104	e0	e0
76	e0	e0	e0	s105	e0	e0	e0	e0	e0	e0	e0	e0	e0	e0	e0	e0	e0	e0	e0	e0	e0	e0	e0	e0	e0	e0	e0	e0	e0	e0	e0	e0	e0	e0	e0	e0	e0
77	e0	e0	e0	r31	e0	e0	e0	e0	e0	e0	e0	e0	e0	e0	e0	e0	e0	e0	e0	e0	s107	e0	e0	e0	e0	e0	e0	e0	e0	e0	e0	e0	e0	e0	e0	b106	e0
78	e0	r32	r32	r32	e0	e0	e0	e0	e0	e0	e0	r32	e0	e0	e0	e0	e0	e0	r32	r32	r32	e0	e0	e0	e0	e0	e0	e0	e0	e0	e0	e0	e0	e0	e0	e0	e0
79	e0	r33	r33	r33	e0	e0	e0	e0	e0	e0	e0	r33	e0	e0	e0	e0	e0	e0	r33	r33	r33	e0	e0	e0	e0	e0	e0	e0	e0	e0	e0	e0	e0	e0	e0	e0	e0
80	e0	r34	r34	r34	e0	e0	e0	e0	e0	e0	e0	r34	e0	e0	e0	e0	e0	e0	r34	r34	r34	e0	e0	e0	e0	e0	e0	e0	e0	e0	e0	e0	e0	e0	e0	e0	e0
81	e0	e0	e0	e0	e0	e0	e0	e0	e0	e0	e0	e0	e0	e0	e0	e0	e0	e0	e0	e0	e0	r4	e0	e0	e0	e0	e0	e0	e0	e0	e0	e0	e0	e0	e0	e0	e0
82	e0	e0	e0	e0	e0	e0	e0	e0	e0	e0	e0	e0	e0	e0	e0	e0	e0	e0	e0	e0	e0	r5	e0	e0	e0	e0	e0	e0	e0	e0	e0	e0	e0	e0	e0	e0	e0
83	e0	e0	e0	e0	e0	r8	r8	e0	e0	e0	e0	e0	e0	e0	e0	e0	e0	e0	e0	e0	e0	r8	e0	e0	e0	e0	e0	e0	e0	e0	e0	e0	e0	e0	e0	e0	e0
84	e0	e0	e0	e0	e0	r9	r9	e0	e0	e0	e0	e0	e0	e0	e0	e0	e0	e0	e0	e0	e0	r9	e0	e0	e0	e0	e0	e0	e0	e0	e0	e0	e0	e0	e0	e0	e0
85	e0	e0	e0	e0	e0	r12	r12	r12	r12	e0	e0	e0	e0	e0	e0	e0	e0	e0	e0	e0	e0	r12	e0	e0	e0	e0	e0	e0	e0	e0	e0	e0	e0	e0	e0	e0	e0
86	e0	e0	e0	e0	e0	r15	r15	r15	r15	r15	e0	e0	e0	e0	e0	e0	e0	e0	e0	e0	e0	r15	e0	e0	e0	e0	e0	e0	e0	e0	e0	e0	e0	e0	e0	e0	e0
87	e0	e0	e0	e0	e0	r19	r19	r19	r19	r19	r19	e0	e0	e0	e0	e0	e0	e0	e0	e0	e0	r19	e0	e0	e0	e0	e0	e0	e0	e0	e0	e0	e0	e0	e0	e0	e0
88	e0	e0	e0	e0	e0	r20	r20	r20	r20	r20	r20	e0	e0	e0	e0	e0	e0	e0	e0	e0	e0	r20	e0	e0	e0	e0	e0	e0	e0	e0	e0	e0	e0	e0	e0	e0	e0
89	e0	e0	e0	e0	e0	r21	r21	r21	r21	r21	r21	e0	e0	e0	e0	e0	e0	e0	e0	e0	e0	r21	e0	e0	e0	e0	e0	e0	e0	e0	e0	e0	e0	e0	e0	e0	e0
90	e0	e0	e0	e0	e0	r22	r22	r22	r22	r22	r22	e0	e0	e0	e0	e0	e0	e0	e0	e0	e0	r22	e0	e0	e0	e0	e0	e0	e0	e0	e0	e0	e0	e0	e0	e0	e0
91	e0	e0	e0	e0	e0	r23	r23	r23	r23	r23	r23	e0	e0	e0	e0	e0	e0	e0	e0	e0	e0	r23	e0	e0	e0	e0	e0	e0	e0	e0	e0	e0	e0	e0	e0	e0	e0
92	e0	e0	e0	e0	e0	r24	r24	r24	r24	r24	r24	e0	e0	e0	e0	e0	e0	e0	e0	e0	e0	r24	e0	e0	e0	e0	e0	e0	e0	e0	e0	e0	e0	e0	e0	e0	e0
93	e0	e0	e0	r6	e0	s59	s60	e0	e0	e0	e0	e0	e0	e0	e0	e0	e0	e0	e0	e0	e0	e0	e0	e0	e0	b108	e0	e0	e0	e0	e0	e0	e0	e0	e0	e0	e0
94	e0	e0	e0	r6	e0	s59	s60	e0	e0	e0	e0	e0	e0	e0	e0	e0	e0	e0	e0	e0	e0	e0	e0	e0	e0	b109	e0	e0	e0	e0	e0	e0	e0	e0	e0	e0	e0
95	e0	e0	e0	r10	e0	r10	r10	s62	s63	e0	e0	e0	e0	e0	e0	e0	e0	e0	e0	e0	e0	e0	e0	e0	e0	e0	e0	b110	e0	e0	e0	e0	e0	e0	e0	e0	e0
96	e0	e0	e0	r10	e0	r10	r10	s62	s63	e0	e0	e0	e0	e0	e0	e0	e0	e0	e0	e0	e0	e0	e0	e0	e0	e0	e0	b111	e0	e0	e0	e0	e0	e0	e0	e0	e0
97	e0	e0	e0	r13	e0	r13	r13	r13	r13	s65	e0	e0	e0	e0	e0	e0	e0	e0	e0	e0	e0	e0	e0	e0	e0	e0	e0	e0	e0	b112	e0	e0	e0	e0	e0	e0	e0
98	e0	e0	e0	r16	e0	r16	r16	r16	r16	r16	s67	e0	e0	e0	e0	e0	e0	e0	e0	e0	e0	e0	e0	e0	e0	e0	e0	e0	e0	e0	e0	b113	e0	e0	e0	e0	e0
99	e0	e0	e0	r25	e0	r25	r25	r25	r25	r25	r25	e0	s70	s71	s72	s73	s74	s75	e0	e0	e0	e0	e0	e0	e0	e0	e0	e0	e0	e0	e0	e0	e0	b114	e0	e0	e0
100	e0	e0	e0	r25	e0	r25	r25	r25	r25	r25	r25	e0	s70	s71	s72	s73	s74	s75	e0	e0	e0	e0	e0	e0	e0	e0	e0	e0	e0	e0	e0	e0	e0	b115	e0	e0	e0
101	e0	e0	e0	r25	e0	r25	r25	r25	r25	r25	r25	e0	s70	s71	s72	s73	s74	s75	e0	e0	e0	e0	e0	e0	e0	e0	e0	e0	e0	e0	e0	e0	e0	b116	e0	e0	e0
102	e0	e0	e0	r25	e0	r25	r25	r25	r25	r25	r25	e0	s70	s71	s72	s73	s74	s75	e0	e0	e0	e0	e0	e0	e0	e0	e0	e0	e0	e0	e0	e0	e0	b117	e0	e0	e0
103	e0	e0	e0	r25	e0	r25	r25	r25	r25	r25	r25	e0	s70	s71	s72	s73	s74	s75	e0	e0	e0	e0	e0	e0	e0	e0	e0	e0	e0	e0	e0	e0	e0	b118	e0	e0	e0
104	e0	e0	e0	r25	e0	r25	r25	r25	r25	r25	r25	e0	s70	s71	s72	s73	s74	s75	e0	e0	e0	e0	e0	e0	e0	e0	e0	e0	e0	e0	e0	e0	e0	b119	e0	e0	e0
105	e0	e0	e0	r29	e0	r29	r29	r29	r29	r29	r29	e0	r29	r29	r29	r29	r29	r29	e0	e0	e0	e0	e0	e0	e0	e0	e0	e0	e0	e0	e0	e0	e0	e0	e0	e0	e0
106	e0	e0	e0	s120	e0	e0	e0	e0	e0	e0	e0	e0	e0	e0	e0	e0	e0	e0	e0	e0	e0	e0	e0	e0	e0	e0	e0	e0	e0	e0	e0	e0	e0	e0	e0	e0	e0
107	e0	s122	e0	e0	e0	e0	e0	e0	e0	e0	e0	e0	e0	e0	e0	e0	e0	e0	s124	s123	e0	e0	e0	e0	e0	e0	e0	e0	e0	e0	e0	e0	e0	e0	e0	e0	b121
108	e0	e0	e0	r4	e0	e0	e0	e0	e0	e0	e0	e0	e0	e0	e0	e0	e0	e0	e0	e0	e0	e0	e0	e0	e0	e0	e0	e0	e0	e0	e0	e0	e0	e0	e0	e0	e0
109	e0	e0	e0	r5	e0	e0	e0	e0	e0	e0	e0	e0	e0	e0	e0	e0	e0	e0	e0	e0	e0	e0	e0	e0	e0	e0	e0	e0	e0	e0	e0	e0	e0	e0	e0	e0	e0
110	e0	e0	e0	r8	e0	r8	r8	e0	e0	e0	e0	e0	e0	e0	e0	e0	e0	e0	e0	e0	e0	e0	e0	e0	e0	e0	e0	e0	e0	e0	e0	e0	e0	e0	e0	e0	e0
111	e0	e0	e0	r9	e0	r9	r9	e0	e0	e0	e0	e0	e0	e0	e0	e0	e0	e0	e0	e0	e0	e0	e0	e0	e0	e0	e0	e0	e0	e0	e0	e0	e0	e0	e0	e0	e0
112	e0	e0	e0	r12	e0	r12	r12	r12	r12	e0	e0	e0	e0	e0	e0	e0	e0	e0	e0	e0	e0	e0	e0	e0	e0	e0	e0	e0	e0	e0	e0	e0	e0	e0	e0	e0	e0
113	e0	e0	e0	r15	e0	r15	r15	r15	r15	r15	e0	e0	e0	e0	e0	e0	e0	e0	e0	e0	e0	e0	e0	e0	e0	e0	e0	e0	e0	e0	e0	e0	e0	e0	e0	e0	e0
114	e0	e0	e0	r19	e0	r19	r19	r19	r19	r19	r19	e0	e0	e0	e0	e0	e0	e0	e0	e0	e0	e0	e0	e0	e0	e0	e0	e0	e0	e0	e0	e0	e0	e0	e0	e0	e0
115	e0	e0	e0	r20	e0	r20	r20	r20	r20	r20	r20	e0	e0	e0	e0	e0	e0	e0	e0	e0	e0	e0	e0	e0	e0	e0	e0	e0	e0	e0	e0	e0	e0	e0	e0	e0	e0
116	e0	e0	e0	r21	e0	r21	r21	r21	r21	r21	r21	e0	e0	e0	e0	e0	e0	e0	e0	e0	e0	e0	e0	e0	e0	e0	e0	e0	e0	e0	e0	e0	e0	e0	e0	e0	e0
117	e0	e0	e0	r22	e0	r22	r22	r22	r22	r22	r22	e0	e0	e0	e0	e0	e0	e0	e0	e0	e0	e0	e0	e0	e0	e0	e0	e0	e0	e0	e0	e0	e0	e0	e0	e0	e0
118	e0	e0	e0	r23	e0	r23	r23	r23	r23	r23	r23	e0	e0	e0	e0	e0	e0	e0	e0	e0	e0	e0	e0	e0	e0	e0	e0	e0	e0	e0	e0	e0	e0	e0	e0	e0	e0
119	e0	e0	e0	r24	e0	r24	r24	r24	r24	r24	r24	e0	e0	e0	e0	e0	e0	e0	e0	e0	e0	e0	e0	e0	e0	e0	e0	e0	e0	e0	e0	e0	e0	e0	e0	e0	e0
120	e0	e0	e0	e0	s125	e0	e0	e0	e0	e0	e0	e0	e0	e0	e0	e0	e0	e0	e0	e0	e0	e0	e0	e0	e0	e0	e0	e0	e0	e0	e0	e0	e0	e0	e0	e0	e0
121	e0	e0	e0	r31	e0	e0	e0	e0	e0	e0	e0	e0	e0	e0	e0	e0	e0	e0	e0	e0	s107	e0	e0	e0	e0	e0	e0	e0	e0	e0	e0	e0	e0	e0	e0	b126	e0
122	e0	e0	e0	r32	e0	e0	e0	e0	e0	e0	e0	e0	e0	e0	e0	e0	e0	e0	e0	e0	r32	e0	e0	e0	e0	e0	e0	e0	e0	e0	e0	e0	e0	e0	e0	e0	e0
123	e0	e0	e0	r33	e0	e0	e0	e0	e0	e0	e0	e0	e0	e0	e0	e0	e0	e0	e0	e0	r33	e0	e0	e0	e0	e0	e0	e0	e0	e0	e0	e0	e0	e0	e0	e0	e0
124	e0	e0	e0	r34	e0	e0	e0	e0	e0	e0	e0	e0	e0	e0	e0	e0	e0	e0	e0	e0	r34	e0	e0	e0	e0	e0	e0	e0	e0	e0	e0	e0	e0	e0	e0	e0	e0
125	e0	r2	r2	e0	e0	e0	e0	e0	e0	e0	e0	r2	e0	e0	e0	e0	e0	e0	r2	r2	e0	e0	e0	e0	e0	e0	e0	e0	e0	e0	e0	e0	e0	e0	e0	e0	e0
126	e0	e0	e0	r30	e0	e0	e0	e0	e0	e0	e0	e0	e0	e0	e0	e0	e0	e0	e0	e0	e0	e0	e0	e0	e0	e0	e0	e0	e0	e0	e0	e0	e0	e0	e0	e0	e0
